Generated combination: (19, 22, 26, 37, 45)
Generated combination: (11, 22, 33, 34, 39)
Generated combination: (2, 10, 31, 44, 45)
Generated combination: (7, 22, 31, 41, 43)
Generated combination: (7, 10, 13, 25, 41)
Numbers generated on 20250907-181712: (14,29,32,36,44)
Numbers generated on 20250907-181712: (5,15,24,35,36)
Numbers generated on 20250907-181712: (7,9,21,22,27)
Numbers generated on 20250907-181712: (7,9,12,31,33)
Numbers generated on 20250907-181712: (4,6,9,26,43)
Numbers generated on 20250907-183320: (9, 29, 33, 43, 44)
Numbers generated on 20250907-183320: (1, 29, 32, 38, 40)
Numbers generated on 20250907-183320: (15, 20, 25, 39, 42)
Numbers generated on 20250907-183320: (3, 21, 29, 38, 40)
Numbers generated on 20250907-183320: (2, 16, 17, 18, 28)
Numbers generated on 20250907-213448:  (14, 16, 24, 33, 42)
Numbers generated on 20250907-213448:  (3, 17, 26, 42, 45)
Numbers generated on 20250907-213448:  (3, 12, 19, 22, 39)
Numbers generated on 20250907-213448:  (2, 8, 18, 24, 39)
Numbers generated on 20250907-213448:  (3, 15, 17, 24, 26)
Numbers generated on 20250921-215237:  (2, 13, 27, 28, 36)
Numbers generated on 20250921-215237:  (12, 26, 30, 33, 35)
Numbers generated on 20250921-215237:  (6, 20, 27, 41, 42)
Numbers generated on 20250921-215237:  (7, 19, 33, 41, 44)
Numbers generated on 20250921-215237:  (2, 7, 17, 39, 45)
Numbers generated on 20251102-150536:  (3, 18, 19, 20, 26)
Numbers generated on 20251102-150536:  (4, 8, 17, 23, 31)
Numbers generated on 20251102-150536:  (5, 19, 22, 26, 30)
Numbers generated on 20251102-150536:  (5, 9, 15, 19, 34)
Numbers generated on 20251102-150536:  (5, 21, 27, 28, 39)
Numbers generated on 20251120-221751:  (8, 27, 29, 33, 38) (Generated combination already exists in historical draws!)
Numbers generated on 20251120-221751:  (15, 23, 25, 30, 45) (Generated combination already exists in historical draws!)
Numbers generated on 20251120-221751:  (3, 13, 23, 27, 42) (Generated combination already exists in historical draws!)
Numbers generated on 20251120-221751:  (5, 7, 15, 20, 45) (Generated combination already exists in historical draws!)
Numbers generated on 20251120-221751:  (6, 18, 19, 25, 45) (Generated combination already exists in historical draws!)
Numbers generated on 20251120-221916:  (10, 18, 23, 32, 33)
Numbers generated on 20251120-221916:  (6, 15, 19, 26, 44)
Numbers generated on 20251120-221916:  (7, 14, 32, 37, 38)
Numbers generated on 20251120-221916:  (1, 12, 14, 23, 35)
Numbers generated on 20251120-221916:  (5, 19, 23, 28, 43)
Numbers generated on 20251120-222018:  (1, 21, 28, 36, 42)
Numbers generated on 20251120-222018:  (4, 8, 22, 32, 41)
Numbers generated on 20251120-222018:  (8, 9, 11, 24, 40)
Numbers generated on 20251120-222018:  (20, 23, 34, 36, 44)
Numbers generated on 20251120-222018:  (12, 14, 15, 29, 37)
